name,country,batting_style,bowling_style,playing_role,image
Aaron Johnson,United States of America,Right hand Bat,Legbreak Googly,Top order Batter,
Navneet Dhaliwal,Canada,Right hand Bat,Right arm Medium fast,Middle order Batter,
Nicholas Kirton,West Indies,Left hand Bat,Right arm Offbreak,Wicketkeeper Batter,
Saad Bin Zafar,Canada,Left hand Bat,Slow Left arm Orthodox,Allrounder,
Ali Khan,Hong Kong,Right hand Bat,Right arm Medium fast,Allrounder,
Saurabh Netravalkar,United States of America,Right hand Bat,Left arm Fast medium,Bowler,
Jasdeep Singh,United States of America,Right hand Bat,Right arm Medium,Bowler,
Steven Taylor,United States of America,Left hand Bat,Right arm Offbreak,Opening Batter,
Corey Anderson,New Zealand,Left hand Bat,Left arm Medium fast,Batting Allrounder,
Aaron Jones,United States of America,Right hand Bat,Legbreak Googly,Top order Batter,"https://img1.hscicdn.com/image/upload/f_auto,t_ds_square_w_320,q_50/lsci/db/PICTURES/CMS/391400/391444.2.png"
Nitish Kumar,Canada,Right hand Bat,Right arm Offbreak,Top order Batter,
Jeremy Gordon,Canada,Right hand Bat,Right arm Fast medium,Bowler,
Nikhil Dutta,Canada,Right hand Bat,Right arm Offbreak,Bowler,
Lega Siaka,Papua New Guinea,Right hand Bat,"Right arm Fast medium, Legbreak",Opening Batter,
Sese Bau,Papua New Guinea,Left hand Bat,Right arm Offbreak,Middle order Batter,
Hiri Hiri,Papua New Guinea,Right hand Bat,Right arm Offbreak,Middle order Batter,
Charles Amini,Papua New Guinea,Left hand Bat,Legbreak,Allrounder,
Chad Soper,Papua New Guinea,Right hand Bat,Right arm Medium fast,Bowler,
Alei Nao,Papua New Guinea,Right hand Bat,Right arm Medium,Bowler,
Kabua Morea,Papua New Guinea,Right hand Bat,Left arm Medium,Bowler,
Akeal Hosein,West Indies,Left hand Bat,Slow Left arm Orthodox,Bowler,
Romario Shepherd,West Indies,Right hand Bat,Right arm Fast medium,Bowling Allrounder,
Andre Russell,West Indies,Right hand Bat,Right arm Fast,Allrounder,"https://img1.hscicdn.com/image/upload/f_auto,t_ds_square_w_320,q_50/lsci/db/PICTURES/CMS/316600/316615.1.png"
Roston Chase,West Indies,Right hand Bat,Right arm Offbreak,Allrounder,"https://img1.hscicdn.com/image/upload/f_auto,t_ds_square_w_320,q_50/lsci/db/PICTURES/CMS/322000/322039.1.png"
Alzarri Joseph,West Indies,Right hand Bat,Right arm Fast,Bowler,"https://img1.hscicdn.com/image/upload/f_auto,t_ds_square_w_320,q_50/lsci/db/PICTURES/CMS/321900/321943.1.png"
Gudakesh Motie,West Indies,Left hand Bat,Slow Left arm Orthodox,Bowler,
Nicholas Pooran,West Indies,Left hand Bat,Right arm Offbreak,Wicketkeeper Batter,"https://img1.hscicdn.com/image/upload/f_auto,t_ds_square_w_320,q_50/lsci/db/PICTURES/CMS/320100/320109.2.png"
Rovman Powell,West Indies,Right hand Bat,Right arm Medium fast,Middle order Batter,
Sherfane Rutherford,West Indies,Left hand Bat,Right arm Fast medium,Middle order Batter,"https://img1.hscicdn.com/image/upload/f_auto,t_ds_square_w_320,q_50/lsci/db/PICTURES/CMS/322100/322173.1.png"
Kashyap Prajapati,Oman,Right hand Bat,Right arm Offbreak,Top order Batter,
Naseem Khushi,Pakistan,Right hand Bat,Right arm Fast,Bowler,
Zeeshan Maqsood,Oman,Left hand Bat,Slow Left arm Orthodox,Opening Batter,
Khalid Kail,Pakistan,Right hand Bat,Right arm Offbreak,Top order Batter,
Ayaan Khan,Oman,Left hand Bat,Slow Left arm Orthodox,Allrounder,
Mohammad Nadeem,Oman,Right hand Bat,Right arm Medium fast,Allrounder,
Mehran Khan,Oman,Right hand Bat,Right arm Medium fast,Batter,
Shakeel Ahmed,Hong Kong,Right hand Bat,Slow Left arm Orthodox,Bowler,
Bilal Khan,Oman,Left hand Bat,Left arm Medium fast,Bowler,
Ruben Trumpelmann,Namibia,Right hand Bat,Left arm Fast,Bowler,"https://img1.hscicdn.com/image/upload/f_auto,t_ds_square_w_320,q_50/lsci/db/PICTURES/CMS/348600/348607.1.png"
David Wiese,Namibia,Right hand Bat,Right arm Medium fast,Allrounder,"https://img1.hscicdn.com/image/upload/f_auto,t_ds_square_w_320,q_50/lsci/db/PICTURES/CMS/322000/322079.1.png"
Tangeni Lungameni,Namibia,Left hand Bat,Left arm Medium,Bowler,
Bernard Scholtz,Namibia,Right hand Bat,Slow Left arm Orthodox,Bowler,
Andries Gous,United States of America,Right hand Bat,NA ,Wicketkeeper Batter,"https://img1.hscicdn.com/image/upload/f_auto,t_ds_square_w_320,q_50/lsci/db/PICTURES/CMS/393400/393407.2.png"
Michael van Lingen,Namibia,Left hand Bat,Left arm Medium,Bowling Allrounder,
Nikolaas Davin,Namibia,Right hand Bat,Legbreak,Batter,
Jan Frylinck,Namibia,Left hand Bat,Left arm Fast medium,Allrounder,
Angelo Mathews,Sri Lanka,Right hand Bat,Right arm Medium,Allrounder,"https://img1.hscicdn.com/image/upload/f_auto,t_ds_square_w_320,q_50/lsci/db/PICTURES/CMS/355600/355644.2.png"
Matheesha Pathirana,Sri Lanka,Right hand Bat,Right arm Medium,Bowler,
Marco Jansen,South Africa,Right hand Bat,Left arm Fast,Bowling Allrounder,
Kagiso Rabada,South Africa,Left hand Bat,Right arm Fast,Bowler,"https://img1.hscicdn.com/image/upload/f_auto,t_ds_square_w_320,q_50/lsci/db/PICTURES/CMS/320300/320376.1.png"
Keshav Maharaj,South Africa,Right hand Bat,Slow Left arm Orthodox,Bowler,"https://img1.hscicdn.com/image/upload/f_auto,t_ds_square_w_320,q_50/lsci/db/PICTURES/CMS/322000/322072.1.png"
Anrich Nortje,South Africa,Right hand Bat,Right arm Fast,Bowler,"https://img1.hscicdn.com/image/upload/f_auto,t_ds_square_w_640,q_50/lsci/db/PICTURES/CMS/322000/322080.png"
Reeza Hendricks,South Africa,Right hand Bat,Right arm Offbreak,Opening Batter,
Aiden Markram,South Africa,Right hand Bat,Right arm Offbreak,Opening Batter,"https://img1.hscicdn.com/image/upload/f_auto,t_ds_square_w_320,q_50/lsci/db/PICTURES/CMS/322000/322067.1.png"
Tristan Stubbs,South Africa,Right hand Bat,Right arm Offbreak,Wicketkeeper Batter,
Heinrich Klaasen,South Africa,Right hand Bat,Right arm Offbreak,Wicketkeeper Batter,"https://img1.hscicdn.com/image/upload/f_auto,t_ds_square_w_320,q_50/lsci/db/PICTURES/CMS/322000/322073.1.png"
David Miller,South Africa,Left hand Bat,Right arm Offbreak,Middle order Batter,
Ibrahim Zadran,Afghanistan,Right hand Bat,Right arm Medium fast,Opening Batter,
Najibullah Zadran,Afghanistan,Left hand Bat,Right arm Offbreak,Middle order Batter,"https://img1.hscicdn.com/image/upload/f_auto,t_ds_square_w_320,q_50/lsci/db/PICTURES/CMS/381900/381935.2.png"
Mohammad Nabi,Afghanistan,Right hand Bat,Right arm Offbreak,Allrounder,"https://img1.hscicdn.com/image/upload/f_auto,t_ds_square_w_320,q_50/lsci/db/PICTURES/CMS/381900/381920.2.png"
Gulbadin Naib,Afghanistan,Right hand Bat,Right arm Medium fast,Batting Allrounder,"https://img1.hscicdn.com/image/upload/f_auto,t_ds_square_w_320,q_50/lsci/db/PICTURES/CMS/381900/381925.2.png"
Azmatullah Omarzai,Afghanistan,Right hand Bat,Right arm Medium fast,Allrounder,
Rashid Khan,Afghanistan,Right hand Bat,Right arm Wrist Spin,Allrounder,"https://img1.hscicdn.com/image/upload/f_auto,t_ds_square_w_320,q_50/lsci/db/PICTURES/CMS/383200/383228.1.png"
Karim Janat,Afghanistan,Right hand Bat,Right arm Medium,Bowling Allrounder,
Cosmas Kyewuta,Uganda,Right hand Bat,Right arm Medium,Bowler,
Bilal Hassan,Uganda,Right hand Bat,Right arm Medium fast,Bowler,
Brian Masaba,Uganda,Right hand Bat,"Right arm Fast medium, Legbreak Googly",Bowler,
Robinson Obuya,Kenya,Right hand Bat,Legbreak,Allrounder,
Fazalhaq Farooqi,Afghanistan,Right hand Bat,Left arm Fast medium,Bowler,"https://img1.hscicdn.com/image/upload/f_auto,t_ds_square_w_320,q_50/lsci/db/PICTURES/CMS/383200/383236.1.png"
Mujeeb Ur Rahman,Afghanistan,Right hand Bat,Right arm Offbreak,Bowler,
Kushal Bhurtel,Nepal,Right hand Bat,Right arm Medium,Opening Batter,
Anil Sah,Nepal,Right hand Bat,Right arm Offbreak,Batting Allrounder,
Rohit Paudel,Nepal,Right hand Bat,Right arm Medium,Batting Allrounder,
Kushal Malla,Nepal,Left hand Bat,Slow Left arm Orthodox,Batting Allrounder,
Dipendra Singh Airee,Nepal,Right hand Bat,"Right arm Medium, Right arm Offbreak",Middle order Batter,
Sompal Kami,Nepal,Right hand Bat,Right arm Fast medium,Bowling Allrounder,
Karan KC,Nepal,Right hand Bat,Right arm Fast,Allrounder,
Abinash Bohara,Nepal,Right hand Bat,Right arm Medium,Bowler,
Vivian Kingma,Netherlands,Right hand Bat,Right arm Medium fast,Bowler,
Logan van Beek,Netherlands,Right hand Bat,Right arm Medium fast,Bowler,
Paul van Meekeren,Netherlands,Right hand Bat,Right arm Fast medium,Bowler,"https://img1.hscicdn.com/image/upload/f_auto,t_ds_square_w_320,q_50/lsci/db/PICTURES/CMS/381700/381737.3.png"
Bas de Leede,Netherlands,Right hand Bat,Right arm Fast medium,Batting Allrounder,"https://img1.hscicdn.com/image/upload/f_auto,t_ds_square_w_320,q_50/lsci/db/PICTURES/CMS/381700/381734.3.png"
Michael Levitt,Scotland,Right hand Bat,Right arm Offbreak,Allrounder,
Vikramjit Singh,Netherlands,Left hand Bat,Right arm Medium fast,Opening Batter,
Paul Stirling,Ireland,Right hand Bat,Right arm Offbreak,Batting Allrounder,
Harry Tector,Ireland,Right hand Bat,Right arm Offbreak,Middle order Batter,
Curtis Campher,Ireland,Right hand Bat,Right arm Medium fast,Allrounder,"https://img1.hscicdn.com/image/upload/f_auto,t_ds_square_w_320,q_50/lsci/db/PICTURES/CMS/321300/321343.1.png"
George Dockrell,Ireland,Right hand Bat,Slow Left arm Orthodox,Allrounder,
Gareth Delany,Ireland,Right hand Bat,Legbreak Googly,Batting Allrounder,
Mark Adair,Ireland,Right hand Bat,Right arm Fast medium,Bowling Allrounder,
Barry McCarthy,Ireland,Right hand Bat,Right arm Fast medium,Bowler,
Ben White,Australia,Right hand Bat,Legbreak Googly,Middle order Batter,
Arshdeep Singh,India,Left hand Bat,Left arm Medium fast,Bowler,"https://img1.hscicdn.com/image/upload/f_auto,t_ds_square_w_320,q_50/lsci/db/PICTURES/CMS/390700/390798.5.png"
Mohammed Siraj,India,Right hand Bat,Right arm Fast,Bowler,
Jasprit Bumrah,India,Right hand Bat,Right arm Fast,Bowler,"https://img1.hscicdn.com/image/upload/f_auto,t_ds_square_w_320,q_50/lsci/db/PICTURES/CMS/319900/319940.2.png"
Hardik Pandya,India,Right hand Bat,Right arm Medium fast,Allrounder,"https://img1.hscicdn.com/image/upload/f_auto,t_ds_square_w_320,q_50/lsci/db/PICTURES/CMS/388300/388343.5.png"
Axar Patel,India,Left hand Bat,Slow Left arm Orthodox,Bowling Allrounder,"https://img1.hscicdn.com/image/upload/f_auto,t_ds_square_w_320,q_50/lsci/db/PICTURES/CMS/331100/331164.2.png"
Rohit Sharma,India,Right hand Bat,Right arm Offbreak,Top order Batter,"https://img1.hscicdn.com/image/upload/f_auto,t_ds_square_w_320,q_50/lsci/db/PICTURES/CMS/385800/385819.2.png"
Kusal Mendis,Sri Lanka,Right hand Bat,NA,Top order Batter,"https://img1.hscicdn.com/image/upload/f_auto,t_ds_square_w_320,q_50/lsci/db/PICTURES/CMS/319800/319866.2.png"
Virat Kohli,India,Right hand Bat,Right arm Medium,Top order Batter,"https://img1.hscicdn.com/image/upload/f_auto,t_ds_square_w_640,q_50/lsci/db/PICTURES/CMS/316600/316605.png"
Suryakumar Yadav,India,Right hand Bat,"Right arm Medium, Right arm Offbreak",Batter,"https://img1.hscicdn.com/image/upload/f_auto,t_ds_square_w_320,q_50/lsci/db/PICTURES/CMS/331100/331163.1.png"
Shivam Dube,India,Left hand Bat,Right arm Medium,Allrounder,
Norman Vanua,Papua New Guinea,Right hand Bat,Right arm Medium,Bowler,
Kenneth Waiswa,Uganda,Right hand Bat,Right arm Medium,Allrounder,
David Warner,Australia,Left hand Bat,Legbreak,Opening Batter,"https://img1.hscicdn.com/image/upload/f_auto,t_ds_square_w_320,q_50/lsci/db/PICTURES/CMS/316500/316589.1.png"
Travis Head,Australia,Left hand Bat,Right arm Offbreak,Middle order Batter,"https://img1.hscicdn.com/image/upload/f_auto,t_ds_square_w_320,q_50/lsci/db/PICTURES/CMS/321500/321584.2.png"
Mitchell Marsh,Australia,Right hand Bat,Right arm Medium,Allrounder,"https://img1.hscicdn.com/image/upload/f_auto,t_ds_square_w_320,q_50/lsci/db/PICTURES/CMS/385700/385798.1.png"
Glenn Maxwell,Australia,Right hand Bat,Right arm Offbreak,Batting Allrounder,"https://img1.hscicdn.com/image/upload/f_auto,t_ds_square_w_320,q_50/lsci/db/PICTURES/CMS/389500/389563.5.png"
Marcus Stoinis,Australia,Right hand Bat,Right arm Medium,Batting Allrounder,"https://img1.hscicdn.com/image/upload/f_auto,t_ds_square_w_320,q_50/lsci/db/PICTURES/CMS/321500/321596.2.png"
Matthew Wade,Australia,Left hand Bat,Right arm Medium,Wicketkeeper Batter,
Shoaib Khan,Oman,Right hand Bat,Right arm Medium,Batter,
Shoaib Khan,Pakistan,Left hand Bat,Right arm Medium fast,Opening Batter,
Mitchell Starc,Australia,Left hand Bat,Left arm Fast,Bowler,"https://img1.hscicdn.com/image/upload/f_auto,t_ds_square_w_320,q_50/lsci/db/PICTURES/CMS/390900/390978.5.png"
Josh Hazlewood,Australia,Left hand Bat,Right arm Fast medium,Bowler,
Nathan Ellis,Australia,Right hand Bat,Right arm Fast medium,Bowler,
Adam Zampa,Australia,Right hand Bat,Legbreak Googly,Bowler,"https://img1.hscicdn.com/image/upload/f_auto,t_ds_square_w_320,q_50/lsci/db/PICTURES/CMS/321500/321549.1.png"
Mohammad Rizwan,Pakistan,Right hand Bat,Left arm Fast,Bowler,
Mohammad Rizwan,Pakistan,Right hand Bat,Right arm Medium,Bowler,
Usman Khan,Pakistan,Right hand Bat,Right arm Offbreak,Top order Batter,
Fakhar Zaman,Pakistan,Left hand Bat,Slow Left arm Orthodox,Opening Batter,
Shadab Khan,Pakistan,Right hand Bat,Legbreak,Allrounder,"https://img1.hscicdn.com/image/upload/f_auto,t_ds_square_w_320,q_50/lsci/db/PICTURES/CMS/320400/320467.1.png"
Azam Khan,Hong Kong,Right hand Bat,Right arm Medium fast,Allrounder,
Iftikhar Ahmed,Pakistan,Right hand Bat,Right arm Offbreak,Middle order Batter,
Shaheen Shah Afridi,Pakistan,Left hand Bat,Left arm Fast,Bowler,"https://img1.hscicdn.com/image/upload/f_auto,t_ds_square_w_320,q_50/lsci/db/PICTURES/CMS/322200/322250.1.png"
Haris Rauf,Pakistan,Right hand Bat,Right arm Fast,Bowler,"https://img1.hscicdn.com/image/upload/f_auto,t_ds_square_w_320,q_50/lsci/db/PICTURES/CMS/322200/322202.1.png"
Naseem Shah,Pakistan,Right hand Bat,Right arm Fast,Bowler,
Mohammad Amir,Pakistan,Left hand Bat,Left arm Fast medium,Bowler,
Mark Watt,Scotland,Left hand Bat,Slow Left arm Orthodox,Bowler,
Michael Leask,Scotland,Right hand Bat,Right arm Offbreak,Allrounder,
Michael Jones,Scotland,Right hand Bat,Right arm Offbreak,Top order Batter,
Brandon McMullen,Scotland,Right hand Bat,Right arm Medium,Batting Allrounder,
Craig Young,Ireland,Right hand Bat,Right arm Fast medium,Bowler,
Junaid Siddiqui,Canada,Right hand Bat,Legbreak,Allrounder,
Trent Boult,New Zealand,Right hand Bat,Left arm Fast medium,Bowler,"https://img1.hscicdn.com/image/upload/f_auto,t_ds_square_w_320,q_50/lsci/db/PICTURES/CMS/383100/383185.1.png"
Mitchell Santner,New Zealand,Left hand Bat,Slow Left arm Orthodox,Bowling Allrounder,
Michael Bracewell,New Zealand,Left hand Bat,Right arm Offbreak,Batting Allrounder,
Daryl Mitchell,New Zealand,Right hand Bat,Right arm Medium,Allrounder,"https://img1.hscicdn.com/image/upload/f_auto,t_ds_square_w_320,q_50/lsci/db/PICTURES/CMS/383100/383147.2.png"
KL Rahul,India,Right hand Bat,NA,Wicketkeeper Batter,"https://img1.hscicdn.com/image/upload/f_auto,t_ds_square_w_320,q_50/lsci/db/PICTURES/CMS/319900/319942.3.png"
Devon Conway,New Zealand,Left hand Bat,Right arm Medium,Wicketkeeper Batter,
Kane Williamson,New Zealand,Right hand Bat,Right arm Offbreak,Top order Batter,
Glenn Phillips,New Zealand,Right hand Bat,Right arm Offbreak,Wicketkeeper Batter,"https://img1.hscicdn.com/image/upload/f_auto,t_ds_square_w_320,q_50/lsci/db/PICTURES/CMS/383100/383167.1.png"
Mark Chapman,New Zealand,Left hand Bat,Slow Left arm Orthodox,Allrounder,
Dhananjaya de Silva,Sri Lanka,Right hand Bat,Right arm Offbreak,Allrounder,
Tanzim Hasan Sakib,Bangladesh,Right hand Bat,Right arm Medium,Bowler,"https://img1.hscicdn.com/image/upload/f_auto,t_ds_square_w_320,q_50/lsci/db/PICTURES/CMS/382800/382811.1.png"
Shakib Al Hasan,Bangladesh,Left hand Bat,Slow Left arm Orthodox,Allrounder,"https://img1.hscicdn.com/image/upload/f_auto,t_ds_square_w_320,q_50/lsci/db/PICTURES/CMS/316500/316581.1.png"
Taskin Ahmed,Bangladesh,Left hand Bat,Right arm Fast,Bowler,"https://img1.hscicdn.com/image/upload/f_auto,t_ds_square_w_320,q_50/lsci/db/PICTURES/CMS/316700/316703.1.png"
Mustafizur Rahman,Bangladesh,Left hand Bat,Left arm Fast medium,Bowler,"https://img1.hscicdn.com/image/upload/f_auto,t_ds_square_w_320,q_50/lsci/db/PICTURES/CMS/319700/319734.3.png"
Tanzid Hasan,Afghanistan,Right hand Bat,Right arm Fast,Bowler,
Soumya Sarkar,Bangladesh,Left hand Bat,Right arm Medium fast,Middle order Batter,
Litton Das,Bangladesh,Right hand Bat,Right arm Offbreak,Wicketkeeper Batter,
Najmul Hossain Shanto,Bangladesh,Left hand Bat,Right arm Offbreak,Top order Batter,
Moeen Ali,England,Left hand Bat,Right arm Offbreak,Batting Allrounder,"https://img1.hscicdn.com/image/upload/f_auto,t_ds_square_w_320,q_50/lsci/db/PICTURES/CMS/383100/383142.1.png"
Jofra Archer,England,Right hand Bat,Right arm Fast,Bowler,
Mark Wood,England,Right hand Bat,Right arm Fast,Bowler,
Adil Rashid,England,Right hand Bat,Legbreak,Bowler,"https://img1.hscicdn.com/image/upload/f_auto,t_ds_square_w_320,q_50/lsci/db/PICTURES/CMS/383100/383151.1.png"
Liam Livingstone,England,Right hand Bat,Legbreak,Batting Allrounder,
Harry Brook,England,Right hand Bat,Right arm Medium,Batter,"https://img1.hscicdn.com/image/upload/f_auto,t_ds_square_w_320,q_50/lsci/db/PICTURES/CMS/383100/383145.1.png"
Imad Wasim,Pakistan,Right hand Bat,Right arm Fast medium,Allrounder,
Imad Wasim,Pakistan,Right hand Bat,Legbreak Googly,Middle order Batter,
Safyaan Sharif,Scotland,Right hand Bat,Right arm Medium fast,Bowler,
Ravinderpal Singh,Canada,Right hand Bat,Right arm Offbreak,Batter,
Saim Ayub,Pakistan,Left hand Bat,Right arm Medium fast,Top order Batter,
Ben Shikongo,Namibia,Right hand Bat,Right arm Medium fast,Bowler,
Shayan Jahangir,United States of America,Right hand Bat,Right arm Medium fast,Batter,
James Neesham,New Zealand,Left hand Bat,Right arm Medium fast,Batting Allrounder,"https://img1.hscicdn.com/image/upload/f_auto,t_ds_square_w_320,q_50/lsci/db/PICTURES/CMS/383100/383171.1.png"
Rachin Ravindra,New Zealand,Left hand Bat,Slow Left arm Orthodox,Batting Allrounder,
Aryan Dutt,Netherlands,Right hand Bat,Right arm Offbreak,Bowler,
Reece Topley,England,Right hand Bat,Left arm Fast medium,Bowler,
Semo Kamea,Papua New Guinea,Left hand Bat,Left arm Fast,Bowler,
Sandeep Lamichhane,Nepal,Right hand Bat,Legbreak Googly,Bowler,
Tabraiz Shamsi,South Africa,Right hand Bat,Left arm Wrist spin,Bowler,"https://img1.hscicdn.com/image/upload/f_auto,t_ds_square_w_320,q_50/lsci/db/PICTURES/CMS/322000/322068.1.png"
Ashton Agar,Australia,Left hand Bat,Slow Left arm Orthodox,Bowler,
Obed McCoy,West Indies,Left hand Bat,Left arm Fast medium,Bowler,
Kuldeep Yadav,India,Left hand Bat,Left arm Wrist spin,Bowler,
Hazratullah Zazai,Afghanistan,Left hand Bat,Slow Left arm Orthodox,Opening Batter,
Mahedi Hasan,Bangladesh,Right hand Bat,Right arm Offbreak,Allrounder,"https://img1.hscicdn.com/image/upload/f_auto,t_ds_square_w_320,q_50/lsci/db/PICTURES/CMS/380200/380237.1.png"
Milind Kumar,India,Right hand Bat,Right arm Offbreak,Allrounder,
Kyle Mayers,West Indies,Left hand Bat,Right arm Medium,Batting Allrounder,
Divan la Cock,Namibia,Right hand Bat,Legbreak,Opening Batter,
Jan Nicol Loftie-Eaton,Namibia,Left hand Bat,"Right arm Medium, Legbreak",Batter,
Stephan Baard,Namibia,Right hand Bat,Right arm Medium fast,Batter,
Chamika Karunaratne,Sri Lanka,Right hand Bat,Right arm Medium fast,Bowling Allrounder,
Chirag Suri,United Arab Emirates,Right hand Bat,"Right arm Offbreak, Legbreak Googly",Opening Batter,
Muhammad Waseem,United Arab Emirates,Right hand Bat,Right arm Medium,Opening Batter,
Kashif Daud,United Arab Emirates,Right hand Bat,Right arm Medium fast,Bowling Allrounder,
Zawar Farid,United Arab Emirates,Right hand Bat,Right arm Medium,Bowler,
Basil Hameed,United Arab Emirates,Right hand Bat,Right arm Offbreak,Middle order Batter,
Aayan Afzal Khan,United Arab Emirates,Right hand Bat,Slow Left arm Orthodox,Bowling Allrounder,
Karthik Meiyappan,United Arab Emirates,Right hand Bat,Legbreak,Bowler,
Junaid Siddique,Canada,Right hand Bat,Legbreak,Allrounder,
Zahoor Khan,United Arab Emirates,Right hand Bat,Right arm Medium fast,Bowler,
Roelof van der Merwe,Netherlands,Right hand Bat,Slow Left arm Orthodox,Allrounder,
Colin Ackermann,Netherlands,Right hand Bat,Right arm Offbreak,Batting Allrounder,
Tom Cooper,Netherlands,Right hand Bat,Right arm Offbreak,Middle order Batter,"https://img1.hscicdn.com/image/upload/f_auto,t_ds_square_w_320,q_50/lsci/db/PICTURES/CMS/322400/322485.1.png"
Calum MacLeod,Scotland,Right hand Bat,"Right arm Medium fast, Right arm Offbreak",Top order Batter,
Jason Holder,West Indies,Right hand Bat,Right arm Medium fast,Bowling Allrounder,
Odean Smith,West Indies,Right hand Bat,Right arm Fast medium,Bowling Allrounder,
Shamarh Brooks,West Indies,Right hand Bat,Legbreak,Top order Batter,
Regis Chakabva,Zimbabwe,Right hand Bat,Right arm Offbreak,Wicketkeeper Batter,
Craig Ervine,Zimbabwe,Left hand Bat,Right arm Offbreak,Middle order Batter,
Wessly Madhevere,Zimbabwe,Right hand Bat,Right arm Offbreak,Allrounder,
Sean Williams,Zimbabwe,Left hand Bat,Slow Left arm Orthodox,Middle order Batter,"https://img1.hscicdn.com/image/upload/f_auto,t_ds_square_w_320,q_50/lsci/db/PICTURES/CMS/316500/316568.1.png"
Milton Shumba,Zimbabwe,Left hand Bat,Slow Left arm Orthodox,Top order Batter,
Ryan Burl,Zimbabwe,Left hand Bat,Legbreak,Middle order Batter,
Luke Jongwe,Zimbabwe,Right hand Bat,Right arm Fast medium,Bowler,
Tendai Chatara,Zimbabwe,Right hand Bat,Right arm Fast medium,Bowler,
Simi Singh,Ireland,Right hand Bat,"Right arm Offbreak, Legbreak Googly",Bowling Allrounder,
Richard Ngarava,Zimbabwe,Left hand Bat,Left arm Fast medium,Bowler,
Blessing Muzarabani,Zimbabwe,Right hand Bat,Right arm Fast medium,Bowler,"https://img1.hscicdn.com/image/upload/f_auto,t_ds_square_w_320,q_50/lsci/db/PICTURES/CMS/321400/321471.1.png"
Timm van der Gugten,Netherlands,Right hand Bat,Right arm Fast medium,Bowler,
Aryan Lakra,United Arab Emirates,Left hand Bat,Slow Left arm Orthodox,Bowler,
Tony Munyonga,Zimbabwe,Right hand Bat,Right arm Offbreak,Allrounder,
Binura Fernando,Sri Lanka,Right hand Bat,Left arm Medium fast,Bowler,
Alishan Sharafu,United Arab Emirates,Right hand Bat,Right arm Medium,Opening Batter,
Ahmed Raza,United Arab Emirates,Right hand Bat,Slow Left arm Orthodox,Bowler,
Aaron Finch,Australia,Right hand Bat,Slow Left arm Orthodox,Top order Batter,
Usman Ghani,Pakistan,Right hand Bat,Right arm Offbreak,Top order Batter,
Dawid Malan,England,Left hand Bat,Legbreak,Top order Batter,
Shan Masood,Pakistan,Right hand Bat,Right arm Offbreak,Middle order Batter,
Mohammad Nawaz,Pakistan,Left hand Bat,Slow Left arm Orthodox,Allrounder,
Asif Ali,Pakistan,Right hand Bat,Right arm Offbreak,Middle order Batter,
Mohammed Shami,Pakistan,Right hand Bat,Right arm Fast,Bowler,
Ravichandran Ashwin,India,Right hand Bat,Right arm Offbreak,Bowling Allrounder,"https://img1.hscicdn.com/image/upload/f_auto,t_ds_square_w_320,q_50/lsci/db/PICTURES/CMS/393300/393315.2.png"
Afif Hossain,Bangladesh,Right hand Bat,Right arm Medium fast,Bowler,
Yasir Ali,Pakistan,Right hand Bat,Right arm Offbreak,Middle order Batter,
Hasan Mahmud,Bangladesh,Right hand Bat,Right arm Medium,Bowler,
Shariz Ahmad,Netherlands,Left hand Bat,Legbreak Googly,Bowler,
Wayne Parnell,South Africa,Left hand Bat,Left arm Medium fast,Bowler,
Temba Bavuma,South Africa,Right hand Bat,Right arm Medium,Middle order Batter,
Rilee Rossouw,South Africa,Left hand Bat,Right arm Offbreak,Top order Batter,"https://img1.hscicdn.com/image/upload/f_auto,t_ds_square_w_320,q_50/lsci/db/PICTURES/CMS/316600/316651.1.png"
Fionn Hand,Ireland,Right hand Bat,Right arm Medium,Bowling Allrounder,
Mehidy Hasan Miraz,Bangladesh,Right hand Bat,Right arm Offbreak,Allrounder,
Brad Evans,Zimbabwe,Right hand Bat,Right arm Fast,Allrounder,
Mohammad Wasim,Pakistan,Right hand Bat,Right arm Fast medium,Allrounder,"https://img1.hscicdn.com/image/upload/f_auto,t_ds_square_w_320,q_50/lsci/db/PICTURES/CMS/322100/322154.1.png"
Mohammad Wasim,Pakistan,Right hand Bat,Legbreak Googly,Middle order Batter,
Brandon Glover,Netherlands,Right hand Bat,Right arm Fast,Bowler,
Deepak Hooda,India,Right hand Bat,Right arm Offbreak,Allrounder,
Shoriful Islam,Bangladesh,Right hand Bat,Right arm Fast medium,Bowler,
Mohammad Haris,Pakistan,Right hand Bat,Right arm Offbreak,Middle order Batter,
Cameron Green,Australia,Right hand Bat,Right arm Fast medium,Batting Allrounder,
Steven Smith,Australia,Right hand Bat,Legbreak Googly,Middle order Batter,"https://img1.hscicdn.com/image/upload/f_auto,t_ds_square_w_320,q_50/lsci/db/PICTURES/CMS/385700/385794.1.png"
Kane Richardson,Australia,Right hand Bat,Right arm Fast medium,Bowler,
Darwish Rasooli,Afghanistan,Right hand Bat,Right arm Offbreak,Top order Batter,
Nasum Ahmed,Bangladesh,Left hand Bat,Slow Left arm Orthodox,Bowler,
Wellington Masakadza,Zimbabwe,Left hand Bat,Slow Left arm Orthodox,Bowler,
Damien Ravu,Papua New Guinea,Right hand Bat,Right arm Medium fast,Bowler,
Nosaina Pokana,Papua New Guinea,Right hand Bat,Left arm Fast,Bowler,
Khawar Ali,Oman,Right hand Bat,Legbreak,Opening Batter,
Jatinder Singh,Oman,Right hand Bat,Right arm Offbreak,Batter,
Kyle Coetzer,Scotland,Right hand Bat,Right arm Medium fast,Top order Batter,
Mohammad Saifuddin,Bangladesh,Left hand Bat,Right arm Medium fast,Bowling Allrounder,
Mushfiqur Rahim,Bangladesh,Left hand Bat,Left arm Fast medium,Bowler,
Ryan ten Doeschate,Netherlands,Right hand Bat,Right arm Medium fast,Allrounder,
Pieter Seelaar,Netherlands,Right hand Bat,Slow Left arm Orthodox,Allrounder,
Kevin O'Brien,Ireland,Right hand Bat,Right arm Medium fast,Batting Allrounder,"https://img1.hscicdn.com/image/upload/f_auto,t_ds_square_w_320,q_50/lsci/db/PICTURES/CMS/316500/316572.1.png"
Craig Williams,Namibia,Right hand Bat,Right arm Medium,Top order Batter,
Avishka Fernando,Sri Lanka,Right hand Bat,Left arm Medium fast,Bowler,
Alasdair Evans,Scotland,Right hand Bat,Right arm Medium fast,Bowler,
Mohammad Naim,Afghanistan,Right hand Bat,Right arm Offbreak,Allrounder,
Sandeep Goud,Oman,Right hand Bat,Right arm Medium,Allrounder,
Dwaine Pretorius,South Africa,Right hand Bat,Right arm Medium fast,Bowling Allrounder,"https://img1.hscicdn.com/image/upload/f_auto,t_ds_square_w_320,q_50/lsci/db/PICTURES/CMS/322000/322077.1.png"
Lendl Simmons,West Indies,Right hand Bat,Right arm Medium fast,Top order Batter,
Dwayne Bravo,West Indies,Right hand Bat,Right arm Medium,Allrounder,"https://img1.hscicdn.com/image/upload/f_auto,t_ds_square_w_320,q_50/lsci/db/PICTURES/CMS/320000/320092.1.png"
Kieron Pollard,West Indies,Right hand Bat,Right arm Medium,Batting Allrounder,
Tymal Mills,England,Right hand Bat,Left arm Fast,Bowler,"https://img1.hscicdn.com/image/upload/f_auto,t_ds_square_w_320,q_50/lsci/db/PICTURES/CMS/316500/316564.1.png"
Eoin Morgan,England,Left hand Bat,Right arm Medium,Middle order Batter,"https://img1.hscicdn.com/image/upload/f_auto,t_ds_square_w_320,q_50/lsci/db/PICTURES/CMS/316500/316564.1.png"
Hasan Ali,Pakistan,Right hand Bat,Right arm Medium fast,Bowler,
Mohammad Hafeez,Pakistan,Right hand Bat,Right arm Offbreak,Allrounder,"https://img1.hscicdn.com/image/upload/f_auto,t_ds_square_w_320,q_50/lsci/db/PICTURES/CMS/386300/386366.5.png"
Mohammad Shahzad,Afghanistan,Right hand Bat,Right arm Medium fast,Wicketkeeper Batter,"https://img1.hscicdn.com/image/upload/f_auto,t_ds_square_w_320,q_50/lsci/db/PICTURES/CMS/320500/320500.1.png"
Hayden Walsh,West Indies,Left hand Bat,Legbreak Googly,Bowler,
Martin Guptill,New Zealand,Right hand Bat,Right arm Offbreak,Opening Batter,"https://img1.hscicdn.com/image/upload/f_auto,t_ds_square_w_320,q_50/lsci/db/PICTURES/CMS/316500/316591.1.png"
Shoaib Malik,Pakistan,Right hand Bat,Right arm Offbreak,Allrounder,"https://img1.hscicdn.com/image/upload/f_auto,t_ds_square_w_320,q_50/lsci/db/PICTURES/CMS/320400/320470.1.png"
Craig Wallace,Namibia,Right hand Bat,Right arm Medium,Top order Batter,
Hamid Hassan,Afghanistan,Right hand Bat,Right arm Fast,Bowler,
Ishan Kishan,Pakistan,Right hand Bat,Right arm Offbreak,Top order Batter,
Shardul Thakur,India,Right hand Bat,Right arm Medium,Bowler,
Adam Milne,New Zealand,Right hand Bat,Right arm Fast,Bowler,
Sharafuddin Ashraf,Afghanistan,Right hand Bat,Slow Left arm Orthodox,Allrounder,
Karl Birkenstock,Namibia,Left hand Bat,Right arm Fast medium,Middle order Batter,
Hamza Tahir,Scotland,Right hand Bat,Slow Left arm Orthodox,Bowler,
Dylan Budge,Scotland,Right hand Bat,Right arm Medium,Allrounder,
Rahul Chahar,India,Right hand Bat,Legbreak Googly,Bowler,
Hamilton Masakadza,Zimbabwe,Right hand Bat,Right arm Medium,Top order Batter,
Richmond Mutumbami,Zimbabwe,Right hand Bat,Right arm Offbreak,Wicketkeeper Batter,
Malcolm Waller,Zimbabwe,Right hand Bat,Right arm Offbreak,Batter,
Elton Chigumbura,Zimbabwe,Right hand Bat,Right arm Fast medium,Allrounder,
Donald Tiripano,Zimbabwe,Right hand Bat,Right arm Fast medium,Bowler,
Tinashe Panyangara,Zimbabwe,Right hand Bat,Right arm Fast medium,Bowler,
Tanwir Afzal,Hong Kong,Right hand Bat,Right arm Fast medium,Allrounder,
Haseeb Amjad,Hong Kong,Right hand Bat,Right arm Medium fast,Bowler,
Nadeem Ahmed,Hong Kong,Right hand Bat,Slow Left arm Orthodox,Bowler,
Ryan Campbell,Hong Kong,Right hand Bat,Right arm Offbreak,Wicketkeeper Batter,
Aizaz Khan,Hong Kong,Right hand Bat,Right arm Medium fast,Allrounder,
Jamie Atkinson,England,Left hand Bat,Right arm Fast medium,Bowler,
Babar Hayat,Hong Kong,Right hand Bat,Right arm Medium,Batter,
Nizakat Khan,Hong Kong,Right hand Bat,Legbreak,Allrounder,
Kinchit Shah,Hong Kong,Left hand Bat,Right arm Offbreak,Top order Batter,
Noor Ali Zadran,Afghanistan,Right hand Bat,Right arm Medium fast,Opening Batter,
Shafiqullah,Bangladesh,Right hand Bat,Right arm Fast medium,Bowler,
Dawlat Zadran,Afghanistan,Right hand Bat,Right arm Fast medium,Bowler,
Samiullah Shinwari,Afghanistan,Right hand Bat,Legbreak,Allrounder,
Preston Mommsen,Scotland,Right hand Bat,Right arm Offbreak,Opening Batter,
Sabbir Rahman,Bangladesh,Right hand Bat,Right arm Fast medium,Allrounder,
Mashrafe Mortaza,Bangladesh,Right hand Bat,Right arm Fast medium,Bowler,
Arafat Sunny,Bangladesh,Left hand Bat,Slow Left arm Orthodox,Bowler,
Mudassar Bukhari,Netherlands,Right hand Bat,Right arm Medium fast,Allrounder,
Peter Borren,Netherlands,Right hand Bat,Right arm Medium,Allrounder,
Wesley Barresi,Netherlands,Right hand Bat,Right arm Offbreak,Batter,
Al-Amin Hossain,Bangladesh,Right hand Bat,Right arm Medium fast,Bowler,
William Porterfield,Ireland,Left hand Bat,Right arm Offbreak,Batter,
Niall O'Brien,New Zealand,Right hand Bat,Right arm Fast medium,Bowler,
Andrew Poynter,Ireland,Right hand Bat,Right arm Offbreak,Batter,
Max Sorensen,Ireland,Right hand Bat,Right arm Fast medium,Bowler,
Ajay Lalcheta,Oman,Left hand Bat,Slow Left arm Orthodox,Batting Allrounder,
Munis Ansari,Oman,Right hand Bat,Right arm Fast medium,Bowler,
Amir Ali,Pakistan,Right hand Bat,Right arm Offbreak,Middle order Batter,
Sultan Ahmed,United Arab Emirates,Left hand Bat,Slow Left arm Orthodox,Bowler,
Adil Mehmood,Hong Kong,Right hand Bat,Right arm Medium,Bowler,
Gavin Main,Scotland,Right hand Bat,Right arm Fast,Bowler,
Con de Lange,Scotland,Right hand Bat,Slow Left arm Orthodox,Bowling Allrounder,
Colin Munro,New Zealand,Left hand Bat,Right arm Medium fast,Opening Batter,
Grant Elliott,New Zealand,Right hand Bat,Right arm Medium,Allrounder,
Nathan McCullum,New Zealand,Right hand Bat,Right arm Offbreak,Bowler,"https://img1.hscicdn.com/image/upload/f_auto,t_ds_square_w_320,q_50/lsci/db/PICTURES/CMS/316500/316510.1.png"
Ashish Nehra,India,Right hand Bat,Left arm Medium fast,Bowler,"https://img1.hscicdn.com/image/upload/f_auto,t_ds_square_w_320,q_50/lsci/db/PICTURES/CMS/319900/319931.2.png"
Suresh Raina,India,Left hand Bat,Right arm Offbreak,Middle order Batter,"https://img1.hscicdn.com/image/upload/f_auto,t_ds_square_w_320,q_50/lsci/db/PICTURES/CMS/316500/316523.3.png"
Shikhar Dhawan,India,Left hand Bat,Right arm Offbreak,Opening Batter,
Yuvraj Singh,India,Left hand Bat,Left arm Offbreak,All Rounder,"https://img1.hscicdn.com/image/upload/f_auto,t_ds_square_w_320,q_50/lsci/db/PICTURES/CMS/385800/385800.2.png"
Sharjeel Khan,Pakistan,Left hand Bat,Legbreak,Opening Batter,
Ahmed Shehzad,Pakistan,Right hand Bat,Legbreak,Opening Batter,"https://img1.hscicdn.com/image/upload/f_auto,t_ds_square_w_320,q_50/lsci/db/PICTURES/CMS/316600/316606.1.png"
Shahid Afridi,Pakistan,Right hand Bat,Right arm Leg Spin,Allrounder,"https://img1.hscicdn.com/image/upload/f_auto,t_ds_square_w_320,q_50/lsci/db/PICTURES/CMS/316400/316487.1.png"
Umar Akmal,Pakistan,Right hand Bat,Right arm Offbreak,Middle order Batter,
Sarfaraz Ahmed,Pakistan,Right hand Bat,Right arm Offbreak,Wicketkeeper Batter,
Mohammad Mithun,Bangladesh,Left hand Bat,Right arm Medium fast,Bowling Allrounder,
Mohammad Irfan,Pakistan,Right hand Bat,Left arm Fast,Bowler,
Mohammad Irfan,Pakistan,Right hand Bat,Right arm Medium,Bowler,
Wahab Riaz,Pakistan,Right hand Bat,Left arm Fast,Bowler,
Jerome Taylor,West Indies,Right hand Bat,Right arm Fast,Bowler,
Samuel Badree,West Indies,Right hand Bat,Legbreak,Bowler,
Sulieman Benn,West Indies,Left hand Bat,Slow Left arm Orthodox,Bowler,
Carlos Brathwaite,West Indies,Right hand Bat,Right arm Fast medium,Allrounder,
Marlon Samuels,West Indies,Right hand Bat,Right arm Offbreak,Top order Batter,"https://img1.hscicdn.com/image/upload/f_auto,t_ds_square_w_320,q_50/lsci/db/PICTURES/CMS/316500/316505.2.png"
Daren Sammy,West Indies,Right hand Bat,Right arm Medium,Allrounder,"https://img1.hscicdn.com/image/upload/f_auto,t_ds_square_w_320,q_50/lsci/db/PICTURES/CMS/316500/316537.1.png"
David Willey,England,Left hand Bat,Left arm Fast medium,Bowling Allrounder,"https://img1.hscicdn.com/image/upload/f_auto,t_ds_square_w_320,q_50/lsci/db/PICTURES/CMS/322900/322904.1.png"
Tillakaratne Dilshan,Sri Lanka,Right hand Bat,Right arm Offbreak,Allrounder,"https://img1.hscicdn.com/image/upload/f_auto,t_ds_square_w_320,q_50/lsci/db/PICTURES/CMS/386400/386416.1.png"
Chamara Kapugedera,Sri Lanka,Right hand Bat,Right arm Medium,Middle order Batter,
Mitchell McClenaghan,New Zealand,Left hand Bat,Left arm Fast medium,Bowler,
Nathan Coulter-Nile,Australia,Right hand Bat,Right arm Fast,Bowling Allrounder,
Shane Watson,Australia,Right hand Bat,Right arm Fast medium,Allrounder,"https://img1.hscicdn.com/image/upload/f_auto,t_ds_square_w_320,q_50/lsci/db/PICTURES/CMS/316500/316502.1.png"
James Faulkner,Australia,Right hand Bat,Left arm Fast medium,Bowling Allrounder,
Usman Khawaja,Australia,Left hand Bat,Right arm Medium,Top order Batter,
Peter Nevill,Ireland,Right hand Bat,Right arm Medium fast,Bowler,
Hashim Amla,South Africa,Right hand Bat,"Right arm Medium, Right arm Offbreak",Top order Batter,
Jean-Paul Duminy,South Africa,Left hand Bat,Right arm Offbreak,Batting Allrounder,"https://img1.hscicdn.com/image/upload/f_auto,t_ds_square_w_320,q_50/lsci/db/PICTURES/CMS/316500/316542.1.png"
Dale Steyn,South Africa,Right hand Bat,Right arm Fast,Bowler,
Kyle Abbott,South Africa,Right hand Bat,Right arm Fast medium,Bowler,
Imran Tahir,Pakistan,Right hand Bat,Legbreak,Opening Batter,
Mohammad Sami,Pakistan,Right hand Bat,Right arm Fast,Bowler,
Shapoor Zadran,Afghanistan,Left hand Bat,Left arm Fast medium,Bowler,
Jeffrey Vandersay,Sri Lanka,Right hand Bat,Legbreak,Bowler,
Andre Fletcher,West Indies,Right hand Bat,"Right arm Medium fast, Legbreak",Top order Batter,
John Hastings,Australia,Right hand Bat,Right arm Fast medium,Allrounder,
Saqlain Sajib,Bangladesh,Left hand Bat,Slow Left arm Orthodox,Bowler,
Khalid Latif,Pakistan,Right hand Bat,Right arm Offbreak,Top order Batter,
James Vince,England,Right hand Bat,Right arm Medium,Batter,
Liam Plunkett,England,Right hand Bat,Right arm Fast,Bowler,
Aaron Phangiso,South Africa,Right hand Bat,Slow Left arm Orthodox,Bowler,
Henry Nicholls,New Zealand,Left hand Bat,Right arm Offbreak,Top order Batter,
Shehan Jayasuriya,Sri Lanka,Left hand Bat,Slow Left arm Orthodox,Allrounder,
Farhaan Behardien,South Africa,Right hand Bat,Right arm Fast medium,Batting Allrounder,
Ajinkya Rahane,India,Right hand Bat,Right arm Medium,Top order Batter,
Najeeb Tarakai,Afghanistan,Right hand Bat,Right arm Offbreak,Opening Batter,
Nawroz Mangal,Afghanistan,Right hand Bat,Right arm Offbreak,Top order Batter,
Aftab Alam,Afghanistan,Right hand Bat,Right arm Medium fast,Bowler,
Abdur Razzak,Bangladesh,Left hand Bat,Slow Left arm Orthodox,Bowler,"https://img1.hscicdn.com/image/upload/f_auto,t_ds_square_w_320,q_50/lsci/db/PICTURES/CMS/319600/319683.1.png"
Farhad Reza,Bangladesh,Right hand Bat,Right arm Fast medium,Allrounder,
Anamul Haque,Bangladesh,Left hand Bat,Slow Left arm Orthodox,Middle order Batter,
Sagar Pun,Nepal,Right hand Bat,Right arm Offbreak,Opening Batter,
Paras Khadka,Nepal,Right hand Bat,"Right arm Medium fast, Right arm Offbreak",Allrounder,
Binod Bhandari,Nepal,Right hand Bat,Right arm Bowler,Wicketkeeper,
Sharad Vesawkar,Nepal,Right hand Bat,Right arm Offbreak,Middle order Batter,
Basant Regmi,Nepal,Left hand Bat,Slow Left arm Orthodox,Bowler,
Naresh Budayair,Nepal,Right hand Bat,Right arm Bowler,Opening Batter,
Shakti Gauchan,Nepal,Right hand Bat,Slow Left arm Orthodox,Bowler,
Najeeb Amar,Hong Kong,Left hand Bat,Slow Left arm Orthodox,Allrounder,
Irfan Ahmed,Hong Kong,Right hand Bat,Right arm Fast medium,Allrounder,
Waqas Barkat,Hong Kong,Right hand Bat,Legbreak,Wicketkeeper Batter,
Jitendra Mukhiya,Nepal,Right hand Bat,Right arm Medium fast,Bowler,
Brendan Taylor,Zimbabwe,Right hand Bat,Right arm Offbreak,Wicketkeeper Batter,
Timycen Maruma,Zimbabwe,Right hand Bat,Legbreak Googly,Top order Batter,
Prosper Utseya,Zimbabwe,Right hand Bat,Right arm Offbreak,Bowler,
Alex Cusack,Ireland,Right hand Bat,Right arm Medium fast,Bowler,"https://img1.hscicdn.com/image/upload/f_auto,t_ds_square_w_320,q_50/lsci/db/PICTURES/CMS/316600/316628.1.png"
Stuart Thompson,Ireland,Left hand Bat,Right arm Medium fast,Bowler,
Tafadzwa Kamungozi,Zimbabwe,Right hand Bat,Legbreak,Allrounder,
Amjad Ali,United Arab Emirates,Left hand Bat,Legbreak,Batter,
Khurram Khan,United Arab Emirates,Left hand Bat,Slow Left arm Orthodox,Top order Batter,
Rohan Mustafa,United Arab Emirates,Left hand Bat,Right arm Offbreak,Top order Batter,
Amjad Javed,United Arab Emirates,Right hand Bat,Right arm Medium,Allrounder,
Vikrant Shetty,United Arab Emirates,Right hand Bat,Right arm Offbreak,Middle order Batter,
Kamran Shazad,United Arab Emirates,Right hand Bat,Right arm Medium fast,Bowler,
Michael Swart,Australia,Right hand Bat,Right arm Offbreak,Middle order Batter,
Munir Dar,Hong Kong,Right hand Bat,Slow Left arm Orthodox,Allrounder,
Natsai M'shangwe,Zimbabwe,Right hand Bat,Legbreak,Bowler,
Sharif Asadullah,United Arab Emirates,Right hand Bat,Right arm Fast medium,Bowler,
Mirwais Ashraf,Afghanistan,Right hand Bat,Right arm Fast medium,Bowler,
Ehsan Nawaz,Hong Kong,Right hand Bat,Right arm Fast medium,Bowler,
Kamran Akmal,Pakistan,Right hand Bat,Right arm Offbreak,Middle order Batter,
Sohaib Maqsood,Pakistan,Right hand Bat,Right arm Offbreak,Middle order Batter,
Bilawal Bhatti,Pakistan,Right hand Bat,Right arm Medium fast,Bowler,
Umar Gul,Pakistan,Right hand Bat,Right arm Fast medium,Bowler,"https://img1.hscicdn.com/image/upload/f_auto,t_ds_square_w_320,q_50/lsci/db/PICTURES/CMS/320400/320473.1.png"
Amit Mishra,India,Right hand Bat,Legbreak,Bowler,
Junaid Khan,Pakistan,Right hand Bat,Right arm Fast medium,Bowler,
Saeed Ajmal,Pakistan,Right hand Bat,Right arm Offbreak,Bowler,"https://img1.hscicdn.com/image/upload/f_auto,t_ds_square_w_320,q_50/lsci/db/PICTURES/CMS/320400/320464.1.png"
Kumar Sangakkara,Sri Lanka,Left hand Bat,Right arm Offbreak,Wicketkeeper Batter,
Lonwabo Tsotsobe,South Africa,Right hand Bat,Left arm Fast medium,Bowler,
Morne Morkel,South Africa,Left hand Bat,Right arm Fast,Bowler,
Michael Lumb,England,Left hand Bat,Right arm Medium,Top order Batter,
Stuart Broad,England,Left hand Bat,Right arm Fast medium,Bowler,
Kyle Mills,New Zealand,Right hand Bat,Right arm Fast medium,Bowler,
Brendon McCullum,New Zealand,Right hand Bat,"Right arm Medium, Right arm Offbreak",Wicketkeeper Batter,"https://img1.hscicdn.com/image/upload/f_auto,t_ds_square_w_320,q_50/lsci/db/PICTURES/CMS/316500/316509.1.png"
Jade Dernbach,England,Right hand Bat,Right arm Fast medium,Bowler,
George Bailey,Australia,Right hand Bat,Right arm Medium,Top order Batter,
Zulfiqar Babar,Pakistan,Right hand Bat,Slow Left arm Orthodox,Bowler,
Dwayne Smith,West Indies,Right hand Bat,Right arm Medium,Allrounder,
Sunil Narine,West Indies,Left hand Bat,Right arm Offbreak,Bowling Allrounder,"https://img1.hscicdn.com/image/upload/f_auto,t_ds_square_w_320,q_50/lsci/db/PICTURES/CMS/320100/320119.1.png"
Sohag Gazi,Bangladesh,Right hand Bat,Right arm Offbreak,Bowler,
Ziaur Rahman,Bangladesh,Right hand Bat,Right arm Fast medium,Allrounder,
Mominul Haque,Bangladesh,Left hand Bat,Slow Left arm Orthodox,Middle order Batter,
Beuran Hendricks,South Africa,Left hand Bat,Left arm Fast medium,Bowler,
James Tredwell,England,Left hand Bat,Right arm Offbreak,Allrounder,
James Muirhead,Australia,Right hand Bat,Legbreak,Bowler,
Shamsur Rahman,Bangladesh,Right hand Bat,Right arm Fast medium,Allrounder,
Sohail Tanvir,Pakistan,Left hand Bat,Left arm Medium fast,Bowler,
Cameron White,Australia,Right hand Bat,Legbreak Googly,Middle order Batter,"https://img1.hscicdn.com/image/upload/f_auto,t_ds_square_w_320,q_50/lsci/db/PICTURES/CMS/319600/319689.1.png"
Mohit Sharma,India,Right hand Bat,Right arm Medium,Bowler,
Stephen Parry,England,Right hand Bat,Slow Left arm Orthodox,Bowler,
Seekkuge Prasanna,Sri Lanka,Right hand Bat,Legbreak,Allrounder,
Kyle Jarvis,Zimbabwe,Right hand Bat,Right arm Fast medium,Bowler,
Brian Vitori,Zimbabwe,Left hand Bat,Left arm Fast medium,Bowler,
Nigel Jones,Ireland,Right hand Bat,Right arm Medium,Allrounder,
Michael Hussey,Australia,Left hand Bat,Right arm Medium,Middle order Batter,"https://img1.hscicdn.com/image/upload/f_auto,t_ds_square_w_320,q_50/lsci/db/PICTURES/CMS/319700/319708.1.png"
Gautam Gambhir,India,Left hand Bat,Legbreak,Top order Batter,
Virender Sehwag,India,Right hand Bat,Right arm Offbreak,Top order Batter,
Irfan Pathan,India,Left hand Bat,Left arm Medium fast,Allrounder,"https://img1.hscicdn.com/image/upload/f_auto,t_ds_square_w_320,q_50/lsci/db/PICTURES/CMS/319900/319939.2.png"
Zaheer Khan,India,Right hand Bat,Left arm Fast medium,Bowler,
Lakshmipathy Balaji,India,Right hand Bat,Right arm Medium fast,Bowler,
Stuart Matsikenyeri,Zimbabwe,Right hand Bat,Right arm Offbreak,Middle order Batter,
Johan Botha,South Africa,Right hand Bat,Right arm Offbreak,Allrounder,"https://img1.hscicdn.com/image/upload/f_auto,t_ds_square_w_320,q_50/lsci/db/PICTURES/CMS/320300/320369.1.png"
Robin Peterson,South Africa,Left hand Bat,Slow Left arm Orthodox,Bowler,"https://img1.hscicdn.com/image/upload/f_auto,t_ds_square_w_320,q_50/lsci/db/PICTURES/CMS/320300/320386.1.png"
Jacques Kallis,South Africa,Right hand Bat,Right arm Fast medium,Allrounder,"https://img1.hscicdn.com/image/upload/f_auto,t_ds_square_w_320,q_50/lsci/db/PICTURES/CMS/320300/320358.1.png"
Richard Levi,South Africa,Right hand Bat,Right arm Medium,Opening Batter,
James Franklin,New Zealand,Left hand Bat,Left arm Medium,Allrounder,"https://img1.hscicdn.com/image/upload/f_auto,t_ds_square_w_320,q_50/lsci/db/PICTURES/CMS/319700/319780.1.png"
Shafiul Islam,Bangladesh,Right hand Bat,Right arm Fast medium,Bowler,
Mohammad Ashraful,Bangladesh,Right hand Bat,"Right arm Offbreak, Legbreak",Middle order Batter,
Jacob Oram,New Zealand,Left hand Bat,Right arm Fast medium,Allrounder,
Daniel Vettori,New Zealand,Left hand Bat,Slow Left arm Orthodox,Allrounder,"https://img1.hscicdn.com/image/upload/f_auto,t_ds_square_w_320,q_50/lsci/db/PICTURES/CMS/316400/316488.1.png"
Craig Kieswetter,England,Right hand Bat,Right arm Offbreak,Opening Batter,
Luke Wright,England,Right hand Bat,Right arm Medium,Top order Batter,"https://img1.hscicdn.com/image/upload/f_auto,t_ds_square_w_320,q_50/lsci/db/PICTURES/CMS/319700/319799.1.png"
Samit Patel,England,Right hand Bat,Slow Left arm Orthodox,Allrounder,
Izatullah Dawlatzai,Germany,Right hand Bat,Right arm Fast medium,Bowler,
Steven Finn,England,Right hand Bat,Right arm Fast medium,Bowler,
Graeme Swann,England,Right hand Bat,Right arm Offbreak,Bowler,"https://img1.hscicdn.com/image/upload/f_auto,t_ds_square_w_320,q_50/lsci/db/PICTURES/CMS/319700/319755.1.png"
Fidel Edwards,West Indies,Right hand Bat,Right arm Fast,Bowler,
Imran Nazir,Pakistan,Right hand Bat,Legbreak,Opening Batter,
Ashok Dinda,India,Right hand Bat,Right arm Medium fast,Bowler,
Harbhajan Singh,India,Right hand Bat,Right arm Offbreak,Bowler,
Piyush Chawla,India,Left hand Bat,Legbreak,Bowling Allrounder,
Raza Hasan,Pakistan,Right hand Bat,Slow Left arm Orthodox,Bowler,
Danny Briggs,England,Right hand Bat,Slow Left arm Orthodox,Bowler,
Xavier Doherty,Australia,Left hand Bat,Slow Left arm Orthodox,Bowler,
Darren Bravo,West Indies,Left hand Bat,Right arm Medium,Top order Batter,
Abdul Razzaq,Pakistan,Right hand Bat,Right arm Fast medium,Allrounder,"https://img1.hscicdn.com/image/upload/f_auto,t_ds_square_w_320,q_50/lsci/db/PICTURES/CMS/320400/320445.1.png"
David Hussey,Australia,Right hand Bat,Right arm Offbreak,Allrounder,"https://img1.hscicdn.com/image/upload/f_auto,t_ds_square_w_320,q_50/lsci/db/PICTURES/CMS/319600/319692.1.png"
Sanath Jayasuriya,Sri Lanka,Left hand Bat,Slow Left arm Orthodox,Allrounder,"https://img1.hscicdn.com/image/upload/f_auto,t_ds_square_w_320,q_50/lsci/db/PICTURES/CMS/319800/319886.1.png"
Shane Bond,New Zealand,Right hand Bat,Right arm Fast,Bowler,
Scott Styris,New Zealand,Right hand Bat,Right arm Medium,Allrounder,
Jesse Ryder,New Zealand,Left hand Bat,Right arm Medium,Allrounder,
Muthiah Muralidaran,Sri Lanka,Right hand Bat,Right arm Offbreak,Bowler,"https://img1.hscicdn.com/image/upload/f_auto,t_ds_square_w_320,q_50/lsci/db/PICTURES/CMS/319800/319880.1.png"
Shivnarine Chanderpaul,West Indies,Left hand Bat,Legbreak,Batter,
Ramnaresh Sarwan,West Indies,Right hand Bat,Legbreak,Batter,
Narsingh Deonarine,West Indies,Left hand Bat,Right arm Offbreak,Batter,
Nikita Miller,West Indies,Right hand Bat,Slow Left arm Orthodox,Bowler,
Kemar Roach,West Indies,Right hand Bat,Right arm Fast medium,Bowler,
Andre Botha,Ireland,Left hand Bat,Right arm Medium,Allrounder,
John Mooney,Ireland,Left hand Bat,Right arm Medium,Allrounder,
Raees Ahmadzai,Afghanistan,Right hand Bat,Right arm Offbreak,Middle order Batter,
Dawlat Ahmadzai,Afghanistan,Right hand Bat,Right arm Fast medium,Bowler,
Yusuf Pathan,India,Right hand Bat,Right arm Offbreak,Allrounder,
Murali Vijay,India,Right hand Bat,Right arm Offbreak,Opening Batter,
Salman Butt,Pakistan,Left hand Bat,Right arm Offbreak,Batter,
Imrul Kayes,Bangladesh,Left hand Bat,Slow Left arm Orthodox,Opening Batter,
Rory Kleinveldt,South Africa,Right hand Bat,Right arm Fast medium,Bowler,
Graeme Smith,South Africa,Left hand Bat,Right arm Offbreak,Opening Batter,
Mark Boucher,South Africa,Right hand Bat,Right arm Medium,Wicketkeeper Batter,
Michael Clarke,Australia,Right hand Bat,Slow Left arm Orthodox,Middle order Batter,
Mitchell Johnson,Australia,Left hand Bat,Left arm Fast,Bowler,"https://img1.hscicdn.com/image/upload/f_auto,t_ds_square_w_320,q_50/lsci/db/PICTURES/CMS/316500/316504.1.png"
Dirk Nannes,Australia,Right hand Bat,Left arm Fast,Bowler,
Shaun Tait,Australia,Right hand Bat,Right arm Fast,Bowler,
Fawad Alam,Pakistan,Left hand Bat,Slow Left arm Orthodox,Top order Batter,
Tatenda Taibu,Zimbabwe,Right hand Bat,Right arm Medium,Wicketkeeper Batter,
Kevin Pietersen,England,Right hand Bat,Right arm Offbreak,Top order Batter,"https://img1.hscicdn.com/image/upload/f_auto,t_ds_square_w_320,q_50/lsci/db/PICTURES/CMS/319700/319796.1.png"
Paul Collingwood,England,Right hand Bat,Right arm Medium,Allrounder,
Ryan Sidebottom,England,Left hand Bat,Left arm Fast medium,Bowler,
Ryan Sidebottom,Australia,Right hand Bat,Right arm Medium fast,Bowler,
Michael Yardy,England,Left hand Bat,Slow Left arm Orthodox,Allrounder,
Charles Coventry,Zimbabwe,Right hand Bat,Legbreak,Top order Batter,
Ryan Harris,Australia,Right hand Bat,Right arm Fast,Bowler,
Aftab Ahmed,Denmark,Right hand Bat,Right arm Medium,Bowling Allrounder,"https://img1.hscicdn.com/image/upload/f_auto,t_h_100_2x/lsci/db/PICTURES/CMS/171500/171537.1.jpg"
Charl Langeveldt,South Africa,Right hand Bat,Right arm Fast medium,Bowler,"https://img1.hscicdn.com/image/upload/f_auto,t_ds_square_w_320,q_50/lsci/db/PICTURES/CMS/320300/320341.1.png"
Mohammad Asif,Pakistan,Left hand Bat,Right arm Fast medium,Bowler,
Mohammad Asif,Pakistan,Right hand Bat,Right arm Offbreak,Allrounder,
Herschelle Gibbs,South Africa,Right hand Bat,Right arm Bowler,Opening Batter,
Wavell Hinds,West Indies,Left hand Bat,Right arm Medium,Batter,
Ian Butler,New Zealand,Right hand Bat,Right arm Fast,Bowler,
Abdur Rehman,Pakistan,Left hand Bat,Slow Left arm Orthodox,Bowler,
Aaron Redmond,New Zealand,Right hand Bat,Legbreak,Top order Batter,
Owais Shah,England,Right hand Bat,Right arm Offbreak,Batter,
Edgar Schiferli,Netherlands,Right hand Bat,Right arm Medium fast,Bowler,
Alexei Kervezee,Netherlands,Right hand Bat,Right arm Medium,Opening Batter,
Darron Reekers,Netherlands,Right hand Bat,Right arm Medium,Opening Batter,
Tom de Grooth,Netherlands,Right hand Bat,Right arm Offbreak,Middle order Batter,
Daan van Bunge,Netherlands,Right hand Bat,Legbreak,Allrounder,
James Anderson,England,Left hand Bat,Right arm Fast medium,Bowler,
Ryan Watson,Scotland,Right hand Bat,"Right arm Medium, Right arm Offbreak",Middle order Batter,
Navdeep Poonia,Scotland,Right hand Bat,Right arm Medium fast,Batter,
Jan Stander,Scotland,Right hand Bat,Right arm Medium fast,Bowler,
Colin Smith,West Indies,Left hand Bat,Right arm Offbreak,Opening Batter,
Gavin Hamilton,Scotland,Left hand Bat,Right arm Medium fast,Middle order Batter,
Iain O'Brien,New Zealand,Right hand Bat,Right arm Fast medium,Bowler,
Gordon Drummond,Scotland,Right hand Bat,Right arm Medium fast,Bowler,
Craig Wright,Scotland,Right hand Bat,Right arm Medium,Bowler,
Ricky Ponting,Australia,Right hand Bat,Right arm Medium,Top order Batter,
Brett Lee,Australia,Right hand Bat,Right arm Fast,Bowler,
James Hopes,Australia,Right hand Bat,Right arm Medium,Allrounder,
Xavier Marshall,United States of America,Right hand Bat,Right arm Offbreak,Opening Batter,
Nathan Bracken,Australia,Right hand Bat,Left arm Fast medium,Bowler,
Zunaed Siddique,Canada,Right hand Bat,Legbreak,Allrounder,
Raqibul Hasan,Bangladesh,Left hand Bat,Slow Left arm Orthodox,Allrounder,
Ishant Sharma,India,Right hand Bat,Right arm Fast medium,Bowler,
Pragyan Ojha,India,Left hand Bat,Slow Left arm Orthodox,Bowler,
Glenn Rogers,Scotland,Right hand Bat,Slow Left arm Orthodox,Bowler,
Regan West,Ireland,Left hand Bat,"Left arm Fast medium, Slow Left arm Orthodox",Bowler,
Nathan Hauritz,Australia,Right hand Bat,Right arm Offbreak,Bowler,
Jehan Mubarak,Sri Lanka,Left hand Bat,Right arm Offbreak,Allrounder,"https://img1.hscicdn.com/image/upload/f_auto,t_ds_square_w_320,q_50/lsci/db/PICTURES/CMS/319800/319864.2.png"
Brendon Diamanti,New Zealand,Right hand Bat,Right arm Medium fast,Batter,
Neil Broom,New Zealand,Right hand Bat,Right arm Medium,Middle order Batter,
Andrew White,Ireland,Right hand Bat,Right arm Offbreak,Allrounder,
Peter Connell,Ireland,Right hand Bat,Right arm Medium fast,Bowler,
Shahzaib Hasan,Bangladesh,Left hand Bat,Slow Left arm Orthodox,Allrounder,
Devon Smith,West Indies,Left hand Bat,Right arm Offbreak,Opening Batter,
Daren Powell,West Indies,Right hand Bat,Right arm Fast medium,Bowler,
Shaun Pollock,South Africa,Right hand Bat,Right arm Fast medium,Allrounder,
Makhaya Ntini,South Africa,Right hand Bat,Right arm Fast,Bowler,
Vernon Philander,South Africa,Right hand Bat,Right arm Fast medium,Allrounder,
Justin Kemp,South Africa,Right hand Bat,Right arm Fast medium,Bowling Allrounder,"https://img1.hscicdn.com/image/upload/f_auto,t_ds_square_w_320,q_50/lsci/db/PICTURES/CMS/320300/320373.1.png"
Morris Ouma,Kenya,Right hand Bat,Right arm Offbreak,Wicketkeeper Batter,
Tanmay Mishra,India,Right hand Bat,Right arm Fast medium,Middle order Batter,
Steve Tikolo,United States of America,Left hand Bat,Right arm Offbreak,Opening Batter,
Collins Obuya,Kenya,Right hand Bat,Legbreak,Allrounder,
Nehemiah Odhiambo,Kenya,Right hand Bat,Right arm Medium fast,Bowler,
Alex Obanda,Kenya,Right hand Bat,Right arm Medium fast,Opening Batter,
Rajesh Bhudia,Kenya,Right hand Bat,Right arm Medium,Bowler,
Peter Ongondo,Kenya,Right hand Bat,Right arm Fast medium,Bowler,
Mark Gillespie,New Zealand,Right hand Bat,Right arm Fast medium,Bowler,
Lou Vincent,New Zealand,Right hand Bat,Right arm Medium,Batter,
Peter Fulton,New Zealand,Right hand Bat,Right arm Medium,Top order Batter,
John Blain,Scotland,Right hand Bat,Right arm Fast medium,Bowler,
Adam Gilchrist,Australia,Left hand Bat,Right arm Offbreak,Wicketkeeper Batter,"https://img1.hscicdn.com/image/upload/f_auto,t_ds_square_w_320,q_50/lsci/db/PICTURES/CMS/321500/321545.1.png"
Matthew Hayden,Australia,Left hand Bat,Right arm Medium,Opening Batter,"https://img1.hscicdn.com/image/upload/f_auto,t_ds_square_w_320,q_50/lsci/db/PICTURES/CMS/319700/319706.1.png"
Andrew Symonds,Australia,Right hand Bat,"Right arm Medium, Right arm Offbreak",Allrounder,
Stuart Clark,Australia,Right hand Bat,Right arm Fast medium,Bowler,
Gary Brent,Zimbabwe,Right hand Bat,Right arm Medium,Bowler,
Tawanda Mupariwa,Zimbabwe,Right hand Bat,Right arm Fast medium,Bowler,
Keith Dabengwa,Zimbabwe,Left hand Bat,Slow Left arm Orthodox,Allrounder,
Syed Rasel,Bangladesh,Left hand Bat,Left arm Medium fast,Bowler,
Alok Kapali,Bangladesh,Right hand Bat,Legbreak,Allrounder,
Darren Maddy,England,Right hand Bat,Right arm Medium,Allrounder,
Andrew Flintoff,England,Right hand Bat,Right arm Fast medium,Allrounder,"https://img1.hscicdn.com/image/upload/f_auto,t_ds_square_w_320,q_50/lsci/db/PICTURES/CMS/319700/319745.1.png"
Dilhara Fernando,Sri Lanka,Right hand Bat,Left arm Medium fast,Bowler,
Robin Uthappa,India,Right hand Bat,Right arm Medium,Batter,
Ajit Agarkar,India,Right hand Bat,Right arm Fast,Bowler,
Craig McMillan,New Zealand,Right hand Bat,Right arm Medium,Batter,"https://img1.hscicdn.com/image/upload/f_auto,t_ds_square_w_320,q_50/lsci/db/PICTURES/CMS/319700/319774.1.png"
Jeetan Patel,New Zealand,Right hand Bat,Right arm Offbreak,Bowler,
Jeremy Snape,England,Right hand Bat,Right arm Offbreak,Bowler,
Vikram Solanki,England,Right hand Bat,Right arm Offbreak,Middle order Batter,
Nadif Chowdhury,Bangladesh,Right hand Bat,Slow Left arm Orthodox,Batter,
Andre Nel,South Africa,Right hand Bat,Right arm Fast medium,Bowler,
Joginder Sharma,India,Right hand Bat,Right arm Fast medium,Allrounder,
Alex Hales,England,Right hand Bat,Right arm Off,Top order Batter,"https://img1.hscicdn.com/image/upload/f_auto,t_ds_square_w_640,q_50/lsci/db/PICTURES/CMS/316600/316604.png"
Misbah-ul-Haq,Pakistan,Right hand Bat,Right arm Off,Middle order Batter,"https://img1.hscicdn.com/image/upload/f_auto,t_ds_square_w_320,q_50/lsci/db/PICTURES/CMS/386300/386365.4.png"
Mahela Jayawardene,Sri Lanka,Right hand Bat,Right arm Medium,Top order Batter,"https://img1.hscicdn.com/image/upload/f_auto,t_ds_square_w_320,q_50/lsci/db/PICTURES/CMS/386400/386427.1.png"
Chris Gayle,West Indies,Left hand Bat,Right arm Off Break,Top order Batter,"https://img1.hscicdn.com/image/upload/f_auto,t_ds_square_w_320,q_50/lsci/db/PICTURES/CMS/316400/316494.1.png"
Stephan Myburgh,Netherlands,Left hand Bat,Right arm Off Break,Top order Batter,"https://img1.hscicdn.com/image/upload/f_auto,t_ds_square_w_320,q_50/lsci/db/PICTURES/CMS/322500/322584.1.png"
Jason Roy,England,Right hand Bat,Right arm Off Break,Top order Batter,"https://img1.hscicdn.com/image/upload/f_auto,t_ds_square_w_320,q_50/lsci/db/PICTURES/CMS/319700/319791.1.png"
Quinton de Kock,South Africa,Left hand Bat,NA,Wicketkeeper Batter,"https://img1.hscicdn.com/image/upload/f_auto,t_ds_square_w_640,q_50/lsci/db/PICTURES/CMS/316600/316668.png"
Jos Buttler,England,Right hand Bat,NA,Wicketkeeper Batter,"https://img1.hscicdn.com/image/upload/f_auto,t_ds_square_w_320,q_50/lsci/db/PICTURES/CMS/383100/383143.1.png"
Charith Asalanka,Sri Lanka,Left hand Bat,Right arm Off Break,Top order Batter,"https://img1.hscicdn.com/image/upload/f_auto,t_ds_square_w_320,q_50/lsci/db/PICTURES/CMS/348500/348599.1.png"
Phil Salt,England,Right hand Bat,NA,Wicketkeeper Batter,"https://img1.hscicdn.com/image/upload/f_auto,t_ds_square_w_320,q_50/lsci/db/PICTURES/CMS/383100/383141.1.png"
MS Dhoni,India,Right hand Bat,NA,Wicketkeeper Batter,"https://img1.hscicdn.com/image/upload/f_auto,t_ds_square_w_320,q_50/lsci/db/PICTURES/CMS/319900/319946.3.png"
Ross Taylor,New Zealand,Right hand Bat,NA,Middle order Batter,"https://img1.hscicdn.com/image/upload/f_auto,t_ds_square_w_320,q_50/lsci/db/PICTURES/CMS/316500/316538.1.png"
Joe Root,England,Right hand Bat,Right arm Off Break,Middle order Batter,"https://img1.hscicdn.com/image/upload/f_auto,t_ds_square_w_320,q_50/lsci/db/PICTURES/CMS/397100/397148.5.png"
Lorcan Tucker,Ireland,Right hand Bat,NA,Middle order Batter,"https://img1.hscicdn.com/image/upload/f_auto,t_ds_square_w_320,q_50/lsci/db/PICTURES/CMS/339100/339164.1.png"
Sikandar Raza,Zimbabwe,Right hand Bat,Right arm Off Break,Allrounder,"https://img1.hscicdn.com/image/upload/f_auto,t_ds_square_w_320,q_50/lsci/db/PICTURES/CMS/392200/392219.2.png"
Albie Morkel,South Africa,Left hand Bat,Right arm Medium ,Allrounder,
Krishmar Santokie,West Indies,Left hand Bat,Left arm Medium,Bowler,
Sam Curran,England,Left hand Bat,Left arm Medium fast,Allrounder,"https://img1.hscicdn.com/image/upload/f_auto,t_ds_square_w_320,q_50/lsci/db/PICTURES/CMS/383100/383153.1.png"
Tim Southee,New Zealand,Right hand Bat,Right Arm Fast,Bowler,
Babar Azam,Pakistan,Right hand Bat,Right arm Offbreak,Top order Batter,"https://img1.hscicdn.com/image/upload/f_auto,t_ds_square_w_320,q_50/lsci/db/PICTURES/CMS/320400/320448.1.png"
Rahmanullah Gurbaz,Afghanistan,Right hand Bat,NA,Wicketkeeper Batter,"https://img1.hscicdn.com/image/upload/f_auto,t_ds_square_w_320,q_50/lsci/db/PICTURES/CMS/383200/383237.1.png"
Naveen-ul-Haq,Afghanistan,Right hand Bat,Right arm Medium Fast,Bowler,"https://img1.hscicdn.com/image/upload/f_auto,t_ds_square_w_320,q_50/lsci/db/PICTURES/CMS/383200/383238.1.png"
RP Singh ,India,Right hand Bat,Left Arm Fast,Bowler,
Ahsan Malik,Netherlands,Right hand Bat,Right Arm Medium,Bowler,"https://img1.hscicdn.com/image/upload/f_auto,t_ds_square_w_320,q_50/lsci/db/PICTURES/CMS/322600/322646.1.png"
Lockie Ferguson,New Zealand,Right hand Bat,Right Arm Fast,Bowler,
Ajantha Mendis,Sri Lanka,Right hand Bat,Right Arm Off Spin,Bowler,
Jeevan Mendis,Sri Lanka,Left hand Bat,Right arm Leg Spin,Bowler,
Wanindu Hasaranga,Sri Lanka,Right hand Bat,Right arm Wrist Spin,Allrounder,"https://img1.hscicdn.com/image/upload/f_auto,t_ds_square_w_320,q_50/lsci/db/PICTURES/CMS/322900/322946.1.png"
Josh Little,Ireland,Left hand Bat,Left Arm Fast,Bowler,"https://img1.hscicdn.com/image/upload/f_auto,t_ds_square_w_320,q_50/lsci/db/PICTURES/CMS/367800/367860.1.png"
Lasith Malinga,Sri Lanka,Right hand Bat,Right Arm Fast,Bowler,"https://img1.hscicdn.com/image/upload/f_auto,t_ds_square_w_320,q_50/lsci/db/PICTURES/CMS/316500/316539.2.png"
Nuwan Kulasekara,Sri Lanka,Right hand Bat,Right Arm Medium,Bowler,"https://img1.hscicdn.com/image/upload/f_auto,t_ds_square_w_320,q_50/lsci/db/PICTURES/CMS/386400/386418.1.png"
Ish Sodhi,New Zealand,Right hand Bat,Right arm Leg Spin,Bowler,
Ravindra Jadeja,India,Left hand Bat,Left arm Offbreak,Allrounder,
Kyle McCallan,Ireland,Right hand Bat,Right arm Offbreak,Allrounder,"https://img1.hscicdn.com/image/upload/f_auto,t_ds_square_w_320,q_50/lsci/db/PICTURES/CMS/319800/319875.1.png"
Josh Davey,Scotland,Right hand Bat,Right arm Medium,Bowler,"https://img1.hscicdn.com/image/upload/f_auto,t_ds_square_w_320,q_50/lsci/db/PICTURES/CMS/316600/316676.1.png"
Assad Vala,Papua New Guinea,Left hand Bat,Right arm Offbreak,Bowler,
Mahmudullah,Bangladesh,Right hand Bat,Right arm Offbreak,Allrounder,
Maheesh Theekshana,Sri Lanka,Right hand Bat,Right arm Wrist Spin,Bowler,
Ben Stokes,England,Left hand Bat,Right arm Medium,Allrounder,"https://img1.hscicdn.com/image/upload/f_auto,t_ds_square_w_320,q_50/lsci/db/PICTURES/CMS/319700/319748.1.png"
Chris Jorder,England,Right hand Bat,Right arm Medium,Bowler,
Rishad Hossain,Bangladesh,Right hand Bat,Right arm Leg Spin,Bowler,
Pat Cummins,Australia,Right hand Bat,Right arm Fast,Allrounder,
Ottneil Baartman,South Africa,Right hand Bat,Right arm Medium,Bowler,
Nicholas Pooran,West Indies,Left hand Bat,NA,Wicketkeeper Batter,"https://img1.hscicdn.com/image/upload/f_auto,t_ds_square_w_320,q_50/lsci/db/PICTURES/CMS/320100/320109.2.png"
